Author,Title,Description,URL,Source,Image,Category,Language,Country,Published_at
Suvashree Ghosh,Bitcoin’s ETF Hangover Saddles The Token With Its Worst Streak In A Month,Bitcoin’s ETF Hangover Saddles The Token With Its Worst Streak In A Month,https://www.ndtvprofit.com/crypto/bitcoin-btc-posts-worst-streak-in-a-month-on-spot-etf-hangover,Bloomberg | Latest And Live Business,,business,en,us,2024-01-15T01:41:44+00:00
Investing.com,MicroStrategy's Michael Saylor warns of AI-generated Bitcoin scam videos,MicroStrategy's Michael Saylor warns of AI-generated Bitcoin scam videos,https://www.investing.com/news/cryptocurrency-news/microstrategys-michael-saylor-warns-of-aigenerated-bitcoin-scam-videos-93CH-3274094,Investing.com | Stock Market Quotes &amp; Financial News,https://i-invdn-com.investing.com/news/world_news_2_108x81.jpg,business,en,us,2024-01-14T12:14:34+00:00
,Crypto-tied stocks lead week's financial losers as bitcoin retreats from two-year high,Crypto-tied stocks lead week's financial losers as bitcoin retreats from two-year high,https://seekingalpha.com/news/4054865-crypto-tied-stocks-lead-weeks-financial-losers-as-bitcoin-retreats-from-two-year-high?utm_source=feed_news_all&utm_medium=referral&feed_item_type=news,Seeking Alpha,,business,en,us,2024-01-13T15:34:00+00:00
David Pan,"Bitcoin Drops Back Below $42,000 As ETF Optimism Evaporates","Bitcoin Drops Back Below $42,000 As ETF Optimism Evaporates",https://www.ndtvprofit.com/markets/bitcoin-extends-decline-with-etf-exuberance-beginning-to-fade,Bloomberg | Latest And Live Business,,business,en,us,2024-01-13T12:24:03+00:00
Investing.com,Bitcoin value drops 10% as market braces for volatility ahead of halving event,Bitcoin value drops 10% as market braces for volatility ahead of halving event,https://www.investing.com/news/cryptocurrency-news/bitcoin-value-drops-10-as-market-braces-for-volatility-ahead-of-halving-event-93CH-3273882,Investing.com | Stock Market Quotes &amp; Financial News,https://i-invdn-com.investing.com/news/LYNXMPED9A0RJ-ORUBS_M.jpg,business,en,us,2024-01-13T00:22:29+00:00
Reuters,"Bitwise bitcoin ETF draws most inflows on first trading day, company says","Bitwise bitcoin ETF draws most inflows on first trading day, company says",https://www.investing.com/news/stock-market-news/bitwise-bitcoin-etf-draws-most-inflows-on-first-trading-day-company-says-3273772,Investing.com | Stock Market Quotes &amp; Financial News,https://i-invdn-com.investing.com/trkd-images/LYNXMPEK0B0QD_L.jpg,business,en,us,2024-01-12T22:36:07+00:00
,Why did Robinhood stock go down today? Bitcoin extends drop,Why did Robinhood stock go down today? Bitcoin extends drop,https://seekingalpha.com/news/4054816-why-did-robinhood-stock-go-down-today-bitcoin-extends-drop?utm_source=feed_news_all&utm_medium=referral&feed_item_type=news,Seeking Alpha,,business,en,us,2024-01-12T20:56:19+00:00
,UBS offers spot bitcoin ETFs to wealth management clients - report,UBS offers spot bitcoin ETFs to wealth management clients - report,https://seekingalpha.com/news/4054796-ubs-offers-spot-bitcoin-etfs-to-wealth-management-clients-report?utm_source=feed_news_all&utm_medium=referral&feed_item_type=news,Seeking Alpha,,business,en,us,2024-01-12T19:07:40+00:00
Marco Quiroz-Gutierrez,"Gary Gensler says SEC decision to approve spot ETFs isn’t an endorsement: ‘Bitcoin, itself, we did not approve’","Gensler said the Securities and Exchange Commission may have approved the ETFs, but he does not endorse Bitcoin.",https://fortune.com/crypto/2024/01/12/gary-gensler-sec-spot-bitcoin-etf-approvals-cnbc-interview/,Fortune,https://content.fortune.com/wp-content/uploads/2024/01/GettyImages-1660138561-e1705078251111.jpg?w=2048,business,en,us,2024-01-12T17:15:54+00:00
,Is Coinbase Stock A Buy Right Now After SEC Approves Bitcoin ETFs?,Is Coinbase Stock A Buy Right Now After SEC Approves Bitcoin ETFs?,https://www.investors.com/research/coinbase-coin-stock-buy-now/?src=A00220&yptr=yahoo,Yahoo | Business Finance,https://media.zenfs.com/en/ibd.com/3d0bc3021452ab694f5140c806295e8a,business,en,us,2024-01-12T16:52:40+00:00
U.Today,Key Reasons Why Bitcoin (BTC) Hashrate Hit Unprecedented Heights,Key Reasons Why Bitcoin (BTC) Hashrate Hit Unprecedented Heights,https://www.investing.com/news/cryptocurrency-news/key-reasons-why-bitcoin-btc-hashrate-hit-unprecedented-heights-3273629,Investing.com | Stock Market Quotes &amp; Financial News,https://i-invdn-com.investing.com/news/cedb56c793cebdd4180320ed33651e41_M.jpg,business,en,us,2024-01-12T15:30:24+00:00
The Canadian Press,Bitcoin ETF approvals both cause for caution and ‘watershed moment’: experts,"TORONTO &#8212; Bitcoin is trading around levels not seen in nearly two years after a U.S. regulator approved 11 exchange-traded funds linked to the cryptocurrency, prompting calls that it&#8217;s a new era for digital money, but also for caution among investors. In approving the ETFs by the likes of Blackrock Inc. and Franklin Templeton, U.S. [&#8230;]",https://financialpost.com/pmn/business-pmn/bitcoin-etf-approvals-both-cause-for-caution-and-watershed-moment-experts,Financial Post | Canada Business News,,business,en,us,2024-01-12T15:27:25+00:00
Reuters,CoinShares to acquire Valkyrie Funds after US spot bitcoin ETF approval,CoinShares to acquire Valkyrie Funds after US spot bitcoin ETF approval,https://www.investing.com/news/stock-market-news/coinshares-to-acquire-valkyrie-funds-after-us-spot-bitcoin-etf-approval-3273612,Investing.com | Stock Market Quotes &amp; Financial News,https://i-invdn-com.investing.com/trkd-images/LYNXMPEK0B0KN_L.jpg,business,en,us,2024-01-12T15:00:51+00:00
D-e_v@IS,5 Important Things to Note before Depositing Crypto in your Sports Betting Application,"Digital assets and online gaming have merged, creating an exciting digital arena and reshaping both sectors. The thrill of using digital currencies like Bitcoin or Ethereum for online gaming stakes is undeniable, yet caution is essential. Beyond the excitement, it&#8217;s important to consider the volatile nature of digital assets carefully. You must also be aware [&#8230;]The post 5 Important Things to Note before Depositing Crypto in your Sports Betting Application appeared first on Insights Success.",https://insightssuccess.com/5-important-things-to-note-before-depositing-crypto-in-your-sports-betting-application/,Insights Success,,business,en,us,2024-01-12T13:42:36+00:00
U.Today,"Bitcoin ETF Start Was 'Terribly Unsuccessful', Says CNBC's Ran Neuner","Bitcoin ETF Start Was 'Terribly Unsuccessful', Says CNBC's Ran Neuner",https://www.investing.com/news/cryptocurrency-news/bitcoin-etf-start-was-terribly-unsuccessful-says-cnbcs-ran-neuner-3273473,Investing.com | Stock Market Quotes &amp; Financial News,https://i-invdn-com.investing.com/news/LYNXNPEC410B3_M.jpg,business,en,us,2024-01-12T12:30:25+00:00
Investing.com,Bitfinity raises $7 million to integrate Ethereum and Bitcoin,Bitfinity raises $7 million to integrate Ethereum and Bitcoin,https://www.investing.com/news/cryptocurrency-news/bitfinity-raises-7-million-to-integrate-ethereum-and-bitcoin-93CH-3273199,Investing.com | Stock Market Quotes &amp; Financial News,,business,en,us,2024-01-12T09:45:22+00:00
,U.S. bitcoin ETFs off to a roaring start with $4.6B in trading volume,U.S. bitcoin ETFs off to a roaring start with $4.6B in trading volume,https://seekingalpha.com/news/4054583-us-spot-bitcoin-etf-trading-volume-market-debut?utm_source=feed_news_all&utm_medium=referral&feed_item_type=news,Seeking Alpha,,business,en,us,2024-01-12T09:17:30+00:00
Investing.com,VanEck debuts spot Bitcoin ETF with $72.5 million allocation,VanEck debuts spot Bitcoin ETF with $72.5 million allocation,https://www.investing.com/news/cryptocurrency-news/vaneck-debuts-spot-bitcoin-etf-with-725-million-allocation-93CH-3273167,Investing.com | Stock Market Quotes &amp; Financial News,https://i-invdn-com.investing.com/news/LYNXNPEC6413U_M.jpg,business,en,us,2024-01-12T08:47:00+00:00
Emily Graffeo,Bitcoin ETFs Take Wall Street By Storm With Historic Debut,Bitcoin ETFs Take Wall Street By Storm With Historic Debut,https://www.ndtvprofit.com/crypto/bitcoin-btc-etfs-take-wall-street-by-storm-with-historic-debut,Bloomberg | Latest And Live Business,,business,en,us,2024-01-12T07:30:46+00:00
Sidhartha Shukla,Bitcoin Rival Ether Jumps On Bets Token Is Next For ETF Approval,Bitcoin Rival Ether Jumps On Bets Token Is Next For ETF Approval,https://www.ndtvprofit.com/crypto/ether-eth-jumps-on-bets-token-is-next-for-sec-etf-approval,Bloomberg | Latest And Live Business,,business,en,us,2024-01-12T02:13:26+00:00
Emily Graffeo,Bitcoin ETF Trades Top $4.6 Billion in ‘Ground-Breaking’ Day,Bitcoin ETF Trades Top $4.6 Billion in ‘Ground-Breaking’ Day,https://www.ndtvprofit.com/crypto/bitcoin-etf-trading-volumes-soar-in-ground-breaking-first-day,Bloomberg | Latest And Live Business,,business,en,us,2024-01-12T02:10:09+00:00
Paige Smith,"Vanguard Spurns Bitcoin ETF, Schwab Dives Right In, While Merrill Evaluates","Vanguard Spurns Bitcoin ETF, Schwab Dives Right In, While Merrill Evaluates",https://www.ndtvprofit.com/crypto/vanguard-spurns-bitcoin-etf-trading-while-merrill-evaluates,Bloomberg | Latest And Live Business,,business,en,us,2024-01-12T01:31:13+00:00
Investing.com,Robinhood Adds New Spot Bitcoin ETFs,Robinhood Adds New Spot Bitcoin ETFs,https://www.investing.com/news/cryptocurrency-news/robinhood-adds-new-spot-bitcoin-etfs-432SI-3272848,Investing.com | Stock Market Quotes &amp; Financial News,https://i-invdn-com.investing.com/news/LYNXMPEE0H0B5_M.jpg,business,en,us,2024-01-11T21:26:07+00:00
,Why did Riot Platforms stock go down today? Bitcoin pares gains,Why did Riot Platforms stock go down today? Bitcoin pares gains,https://seekingalpha.com/news/4054494-why-did-riot-platforms-stock-go-down-today-bitcoin-pares-gains?utm_source=feed_news_all&utm_medium=referral&feed_item_type=news,Seeking Alpha,,business,en,us,2024-01-11T20:36:48+00:00
David Pan,Bitcoin Retreats From 2-Year High as U.S. ETF Trading Commences,Bitcoin Retreats From 2-Year High as U.S. ETF Trading Commences,https://www.ndtvprofit.com/crypto/bitcoin-btc-volume-jumps-as-first-us-spot-etfs-begin-trading,Bloomberg | Latest And Live Business,,business,en,us,2024-01-11T17:27:07+00:00
,JPMorgan analyzes all the winners and losers in asset management industry from bitcoin ETF approval,The firm weighed on some companies would be impacted by the rule change.,https://www.cnbc.com/2024/01/11/jpmorgan-analyzes-winners-and-losers-from-asset-management-industry-on-the-bitcoin-etf-approval.html,Cnbc | World Business News Leader,,business,en,us,2024-01-11T16:29:00+00:00
Marco Quiroz-Gutierrez,Circle files for IPO in the wake of spot Bitcoin ETF approval,The company issues the $25 billion U.S. dollar-pegged USDC stablecoin.,https://fortune.com/crypto/2024/01/11/circle-ipo-spac-jeremy-allaire-stablecoins/,Fortune,https://content.fortune.com/wp-content/uploads/2024/01/GettyImages-1677430369-e1704988335233.jpg?w=2048,business,en,us,2024-01-11T16:11:01+00:00
,"Spot ETFs tied to bitcoin debut on U.S. exchanges, as crypto prices shoot up","Spot ETFs tied to bitcoin debut on U.S. exchanges, as crypto prices shoot up",https://seekingalpha.com/news/4054417-spot-etfs-tied-to-bitcoin-debut-on-us-exchanges-as-crypto-prices-shoot-up?utm_source=feed_news_all&utm_medium=referral&feed_item_type=news,Seeking Alpha,,business,en,us,2024-01-11T15:52:31+00:00
,What major analysts say bitcoin ETF approval means for Coinbase shares,"Wall Street analysts are split on Coinbase&#039;s outlook, forecasting the stock may alternately rally or plunge.",https://www.cnbc.com/2024/01/11/what-major-analysts-say-bitcoin-etf-approval-means-for-coinbase-shares.html,Cnbc | World Business News Leader,,business,en,us,2024-01-11T15:13:00+00:00
,Cathie Wood continues to see $1.5M Bitcoin price as Bitcoin ETF launches,Cathie Wood continues to see $1.5M Bitcoin price as Bitcoin ETF launches,https://seekingalpha.com/news/4054361-cathie-woods-bitcoin-etf-launches-and-projects-bitcoin-to-go-as-high-as-15m-by-2030?utm_source=feed_news_all&utm_medium=referral&feed_item_type=news,Seeking Alpha,,business,en,us,2024-01-11T15:07:01+00:00
Investing.com,SEC approval of Bitcoin ETFs sparks meme coin launches,SEC approval of Bitcoin ETFs sparks meme coin launches,https://www.investing.com/news/cryptocurrency-news/sec-approval-of-bitcoin-etfs-sparks-meme-coin-launches-93CH-3272576,Investing.com | Stock Market Quotes &amp; Financial News,,business,en,us,2024-01-11T14:27:45+00:00
,Cathie Wood says bitcoin ETF approval makes her $1.5 million bull case more likely,SEC approval of bitcoin ETFs makes Cathie Wood more convinced that the world&#039;s largest cryptocurrency could hit her wildly bullish target.,https://www.cnbc.com/2024/01/11/cathie-wood-says-bitcoin-etf-approval-makes-her-1point5-million-bull-case-more-likely.html,Cnbc | World Business News Leader,,business,en,us,2024-01-11T14:13:00+00:00
U.Today,"BlackRock's Bitcoin ETF IBIT Records First Millions in Volume, But There May Be a Catch","BlackRock's Bitcoin ETF IBIT Records First Millions in Volume, But There May Be a Catch",https://www.investing.com/news/cryptocurrency-news/blackrocks-bitcoin-etf-ibit-records-first-millions-in-volume-but-there-may-be-a-catch-3272508,Investing.com | Stock Market Quotes &amp; Financial News,https://i-invdn-com.investing.com/news/LYNXMPEE0802O_M.jpg,business,en,us,2024-01-11T14:00:33+00:00
Emily Nicolle,Bitcoin Volume Jumps As U.S. Spot ETFs Tied To Token Begin Trading,Bitcoin Volume Jumps As U.S. Spot ETFs Tied To Token Begin Trading,https://www.ndtvprofit.com/business/bitcoin-btc-volume-jumps-as-first-us-spot-etfs-begin-trading,Bloomberg | Latest And Live Business,,business,en,us,2024-01-11T13:23:25+00:00
"Andrew Ross Sorkin, Ravi Mattu, Bernhard Warner, Sarah Kessler, Michael J. de la Merced, Lauren Hirsch and Ephrat Livni",The Bitcoin E.T.F. Gets Approved — What to Expect Now.,"A new kind of exchange-traded fund linked to the cryptocurrency could begin trading as soon as Thursday, and the investment world is buzzing.",https://www.nytimes.com/2024/01/11/business/dealbook/bitcoin-etf-wall-street-crypto-investing.html,The New York Times,https://static01.nyt.com/images/2024/01/11/multimedia/11db-newsletter-nysebtc-cphw/11db-newsletter-nysebtc-cphw-mediumSquareAt3X.jpg,business,en,us,2024-01-11T12:57:24+00:00
,"Cryptos, bitcoin stocks, including MacroStrategy, jump after ETFs approved","Cryptos, bitcoin stocks, including MacroStrategy, jump after ETFs approved",https://seekingalpha.com/news/4054276-cryptos-bitcoin-stocks-including-macrostrategy-jump-after-etfs-approved?utm_source=feed_news_all&utm_medium=referral&feed_item_type=news,Seeking Alpha,,business,en,us,2024-01-11T12:34:29+00:00
Joel Leon,Crypto Stocks Get Fresh Boost From Landmark Bitcoin-ETF Approval,Crypto Stocks Get Fresh Boost From Landmark Bitcoin-ETF Approval,https://www.ndtvprofit.com/crypto/bitcoin-etf-approval-fuels-us-crypto-stocks,Bloomberg | Latest And Live Business,,business,en,us,2024-01-11T12:07:41+00:00
,SEC approves first spot bitcoin ETFs in boost to crypto advocates,Funds could start trading as soon as Thursday after months of anticipation and pushback,https://www.ft.com/content/443b2589-0a4a-48ef-872e-3cd52b1b297d,Financial Times,,business,en,us,2024-01-11T11:26:47+00:00
Reuters,Spot bitcoin ETFs to start trading in big boost to crypto industry,Spot bitcoin ETFs to start trading in big boost to crypto industry,https://www.investing.com/news/stock-market-news/spot-bitcoin-etfs-to-start-trading-in-big-boost-to-crypto-industry-3272145,Investing.com | Stock Market Quotes &amp; Financial News,https://i-invdn-com.investing.com/trkd-images/LYNXMPEK0A0E7_L.jpg,business,en,us,2024-01-11T10:55:43+00:00
,Scorching hot-takes from the tradfi banks on spot bitcoin ETFs,Because there’s no such thing as a free launch,https://www.ft.com/content/d8d2e2df-59d9-4bd1-a4f6-3a6b10a707ab,Financial Times,https://www.ft.com/__origami/service/image/v2/images/raw/https%3A%2F%2Fd1e00ek4ebabms.cloudfront.net%2Fproduction%2F8de44264-3424-451d-b9ee-72f9ed5d0b68.png?source=next-home-page&dpr=2&width=580&fit=scale-down,business,en,us,2024-01-11T10:27:02+00:00
Investing.com,Bitcoin and Ethereum lead crypto market gains as overall cap hits $1.77 trillion,Bitcoin and Ethereum lead crypto market gains as overall cap hits $1.77 trillion,https://www.investing.com/news/cryptocurrency-news/bitcoin-and-ethereum-lead-crypto-market-gains-as-overall-cap-hits-177-trillion-93CH-3272095,Investing.com | Stock Market Quotes &amp; Financial News,,business,en,us,2024-01-11T10:17:50+00:00
Reuters,Bitcoin holds firm after regulators approve ETFs,Bitcoin holds firm after regulators approve ETFs,https://www.investing.com/news/stock-market-news/bitcoin-holds-firm-after-regulators-approve-etfs-3271950,Investing.com | Stock Market Quotes &amp; Financial News,https://i-invdn-com.investing.com/trkd-images/LYNXMPEK0A05V_L.jpg,business,en,us,2024-01-11T07:36:13+00:00
Reuters,"Dollar slips ahead of US inflation data, bitcoin climbs","Dollar slips ahead of US inflation data, bitcoin climbs",https://www.investing.com/news/economy/yen-lags-while-dollar-waits-on-us-cpi-3271918,Investing.com | Stock Market Quotes &amp; Financial News,https://i-invdn-com.investing.com/trkd-images/LYNXMPEK0A02V_L.jpg,business,en,us,2024-01-11T06:16:10+00:00
Reuters,Marketmind: To the moon? Bitcoin ETFs lift off,Marketmind: To the moon? Bitcoin ETFs lift off,https://www.investing.com/news/economy/marketmind-to-the-moon-bitcoin-etfs-lift-off-3271964,Investing.com | Stock Market Quotes &amp; Financial News,https://i-invdn-com.investing.com/trkd-images/LYNXMPEK0A071_L.jpg,business,en,us,2024-01-11T05:35:47+00:00
BusinessWorld,US SEC approves bitcoin ETFs in watershed for crypto market,"WASHINGTON/NEW YORK &#8211; The US securities regulator on Wednesday approved the first US-listed exchange traded funds (ETFs) to track bitcoin, in a watershed for the world&#8217;s largest cryptocurrency and the broader crypto industry. The Securities and Exchange Commission said it approved 11 applications, including from BlackRock, Ark Investments/21Shares, Fidelity, Invesco and VanEck, despite warnings from some officials and investor advocates [&#8230;]",https://www.bworldonline.com/technology/2024/01/11/568294/us-sec-approves-bitcoin-etfs-in-watershed-for-crypto-market/,Business World,https://www.bworldonline.com/wp-content/uploads/2023/02/Bitcoin-cryto-currency-trading-300x200.jpg,business,en,us,2024-01-11T02:31:57+00:00
U.Today,Ethereum (ETH) Loses Fight Against Bitcoin (BTC): No Alt Season?,Ethereum (ETH) Loses Fight Against Bitcoin (BTC): No Alt Season?,https://www.investing.com/news/cryptocurrency-news/ethereum-eth-loses-fight-against-bitcoin-btc-no-alt-season-3271921,Investing.com | Stock Market Quotes &amp; Financial News,https://i-invdn-com.investing.com/news/LYNXNPED840XB_M.jpg,business,en,us,2024-01-11T02:00:23+00:00
Lionel Laurent,Bitcoin ETF Hype Is More Memestock Than Gold 2.0,Bitcoin ETF Hype Is More Memestock Than Gold 2.0,https://www.ndtvprofit.com/view/sec-approves-bitcoin-etf-crypto-hype-is-more-memestock-than-gold-2-0,Bloomberg | Latest And Live Business,,business,en,us,2024-01-11T01:59:30+00:00
Muyao Shen,"Bitcoin Briefly Tops $47,000 in Cool Response to US ETF Approval","Bitcoin Briefly Tops $47,000 in Cool Response to US ETF Approval",https://www.ndtvprofit.com/crypto/bitcoin-holds-gain-of-about-1-after-sec-approves-spot-etfs,Bloomberg | Latest And Live Business,,business,en,us,2024-01-11T01:58:37+00:00
Katie Greifeld,SEC Authorizes Bitcoin-Spot ETFs In Crypto’s Breakthrough,SEC Authorizes Bitcoin-Spot ETFs In Crypto’s Breakthrough,https://www.ndtvprofit.com/crypto/spot-bitcoin-etfs-approved-to-launch-in-us-by-gensler-s-sec,Bloomberg | Latest And Live Business,,business,en,us,2024-01-11T01:29:50+00:00
,"US SEC authorises direct bitcoin-spot ETFs, revolutionising crypto investments","Industry leaders, including BlackRock, Invesco, and Fidelity, received authorisation to launch these direct ETFs, broadening access to Bitcoin for investors.",https://www.thehindubusinessline.com/money-and-banking/cryptocurrency/us-sec-authorises-direct-bitcoin-spot-etfs-revolutionising-crypto-investments/article67729322.ece,Business Line,https://bl-i.thgim.com/public/incoming/za87s7/article67729326.ece/alternates/LANDSCAPE_1200/bitcoin.jpg,business,en,us,2024-01-11T01:03:06+00:00
,The decade-long journey to a US spot bitcoin ETF,"The approval signals a turning point, boosting confidence as major issuers, including BlackRock and Fidelity, prepare to launch spot bitcoin ETFs.",https://www.thehindubusinessline.com/money-and-banking/cryptocurrency/the-decade-long-journey-to-a-us-spot-bitcoin-etf/article67729315.ece,Business Line,https://bl-i.thgim.com/public/incoming/h39pra/article67729321.ece/alternates/LANDSCAPE_1200/2024-01-10T110825Z_1263622244_RC2YY3AHW7ZD_RTRMADP_3_FINTECH-CRYPTO-ETF.JPG,business,en,us,2024-01-11T00:47:54+00:00
Richard Henderson,"Asia Stocks Eye Gains; Bitcoin Rises Above $47,000: Markets Wrap","Asia Stocks Eye Gains; Bitcoin Rises Above $47,000: Markets Wrap",https://www.ndtvprofit.com/markets/stock-market-today-dow-s-p-live-updates-143,Bloomberg | Latest And Live Business,,business,en,us,2024-01-11T00:13:30+00:00
Reuters,US congressional panel seeks briefing from SEC on fake post on bitcoin ETFs,US congressional panel seeks briefing from SEC on fake post on bitcoin ETFs,https://www.investing.com/news/stock-market-news/us-congressional-panel-seeks-briefing-from-sec-on-fake-post-on-bitcoin-etfs-3271901,Investing.com | Stock Market Quotes &amp; Financial News,https://i-invdn-com.investing.com/trkd-images/LYNXMPEK090XL_L.jpg,business,en,us,2024-01-10T23:45:46+00:00
,Bitcoin price rises in aftermath of spot ETF approvals,Bitcoin price rises in aftermath of spot ETF approvals,https://seekingalpha.com/news/4054132-bitcoin-price-rises-aftermath-spot-etf-approvals?utm_source=feed_news_all&utm_medium=referral&feed_item_type=news,Seeking Alpha,,business,en,us,2024-01-10T23:05:43+00:00
,"Bitcoin falls, ether surges after SEC greenlights launch of U.S. bitcoin ETFs",Bitcoin fell late Wednesday after the Securities and Exchange Commission gave the green light for the first-ever spot bitcoin ETFs to trade in the U.S.,https://www.cnbc.com/2024/01/10/bitcoin-falls-ether-surges-after-sec-greenlights-launch-of-us-bitcoin-etfs.html,Cnbc | World Business News Leader,,business,en,us,2024-01-10T21:57:00+00:00
Reuters,US SEC approves 11 spot bitcoin ETFs,US SEC approves 11 spot bitcoin ETFs,https://www.investing.com/news/stock-market-news/us-sec-approves-some-spot-bitcoin-etfs-3271791,Investing.com | Stock Market Quotes &amp; Financial News,https://i-invdn-com.investing.com/trkd-images/LYNXMPEK090UB_L.jpg,business,en,us,2024-01-10T21:07:03+00:00
Leo Schwartz,SEC approves Bitcoin ETFs in long-awaited decision after hacking incident on Tuesday,The agency was forced into action after a landmark court victory by the crypto firm Grayscale and the arrival of major players like BlackRock and Fidelity.,https://fortune.com/crypto/2024/01/10/sec-bitcoin-etfs-gary-gensler-blackrock-fidelity-hacking/,Fortune,https://content.fortune.com/wp-content/uploads/2024/01/GettyImages-1848359560-e1704904537799.jpg?w=2048,business,en,us,2024-01-10T20:50:37+00:00
Reuters,Bitcoin ETF hopefuls still expect SEC approval despite social media hack,Bitcoin ETF hopefuls still expect SEC approval despite social media hack,https://www.investing.com/news/stock-market-news/bitcoin-etf-hopefuls-still-expect-sec-approval-despite-social-media-hack-3271235,Investing.com | Stock Market Quotes &amp; Financial News,https://i-invdn-com.investing.com/trkd-images/LYNXMPEK090CL_L.jpg,business,en,us,2024-01-10T20:21:28+00:00
U.Today,XRP Lawyer Mocks Jim Cramer’s Bizarre Bitcoin Forecast,XRP Lawyer Mocks Jim Cramer’s Bizarre Bitcoin Forecast,https://www.investing.com/news/cryptocurrency-news/xrp-lawyer-mocks-jim-cramers-bizarre-bitcoin-forecast-3271713,Investing.com | Stock Market Quotes &amp; Financial News,https://i-invdn-com.investing.com/news/LYNXMPEDAE0PJ-ORUBS_M.jpg,business,en,us,2024-01-10T16:30:45+00:00
U.Today,"DOGE and BTC Head to Literal Moon, Bitcoin Made History With This Bullish Pattern, 546 Billion SHIB Withdrawn from Binance: Crypto News Digest by U.Today","DOGE and BTC Head to Literal Moon, Bitcoin Made History With This Bullish Pattern, 546 Billion SHIB Withdrawn from Binance: Crypto News Digest by U.Today",https://www.investing.com/news/cryptocurrency-news/doge-and-btc-head-to-literal-moon-bitcoin-made-history-with-this-bullish-pattern-546-billion-shib-withdrawn-from-binance-crypto-news-digest-by-utoday-3271712,Investing.com | Stock Market Quotes &amp; Financial News,,business,en,us,2024-01-10T16:30:40+00:00
U.Today,Bitcoiner Michael Saylor Posts Reference to Elon Musk's DOGE Tweet,Bitcoiner Michael Saylor Posts Reference to Elon Musk's DOGE Tweet,https://www.investing.com/news/cryptocurrency-news/bitcoiner-michael-saylor-posts-reference-to-elon-musks-doge-tweet-3271711,Investing.com | Stock Market Quotes &amp; Financial News,,business,en,us,2024-01-10T16:30:35+00:00
U.Today,"Samson Mow Issues Ultra-Bullish Bitcoin Statement, Dogecoin Whale Moves 332.9 Million DOGE to Binance, Michaël van de Poppe Predicts Bullish Breakout for ETH: Crypto News Digest by U.Today","Samson Mow Issues Ultra-Bullish Bitcoin Statement, Dogecoin Whale Moves 332.9 Million DOGE to Binance, Michaël van de Poppe Predicts Bullish Breakout for ETH: Crypto News Digest by U.Today",https://www.investing.com/news/cryptocurrency-news/samson-mow-issues-ultrabullish-bitcoin-statement-dogecoin-whale-moves-3329-million-doge-to-binance-michael-van-de-poppe-predicts-bullish-breakout-for-eth-crypto-news-digest-by-utoday-3271710,Investing.com | Stock Market Quotes &amp; Financial News,https://i-invdn-com.investing.com/news/LYNXMPEE0802O_M.jpg,business,en,us,2024-01-10T16:30:27+00:00
The Associated Press,Regulators are set to decide whether to OK a new bitcoin fund. Here’s what investors need to know,"NEW YORK (AP) &#8212; U.S. regulators are soon expected to decide whether to approve the first bitcoin exchange-traded fund, a development that could thrust the once niche and nerdy corner of the internet even further into the financial mainstream. The regulatory greenlight has been anticipated for several months and the price of bitcoin has jumped [&#8230;]",https://financialpost.com/pmn/business-pmn/regulators-are-set-to-decide-whether-to-ok-a-new-bitcoin-fund-heres-what-investors-need-to-know,Financial Post | Canada Business News,,business,en,us,2024-01-10T15:10:39+00:00
Bloomberg News,"SEC’s X account was hacked, sparking spike in Bitcoin and raising questions about Elon’s Musk platform",Breach was one of the most consequential in years on the platform formerly known as Twitter,https://financialpost.com/fp-finance/cryptocurrency/sec-x-account-hacked-sparking-spike-bitcoin,Financial Post | Canada Business News,,business,en,us,2024-01-10T14:13:48+00:00
,"After false SEC post on ETF, bulls still see bitcoin at all-time highs this year",A post from the U.S. Securities and Exchange Commission&#039;s X account falsely claimed a bitcoin exchange-traded fund had been approved.,https://www.cnbc.com/2024/01/10/bitcoin-will-hit-record-high-in-2024-bulls-say-after-false-sec-post.html,Cnbc | World Business News Leader,,business,en,us,2024-01-10T14:11:00+00:00
"Andrew Ross Sorkin, Ravi Mattu, Bernhard Warner, Sarah Kessler, Michael J. de la Merced, Lauren Hirsch and Ephrat Livni",The Big Bitcoin Tease,A bogus social media post declaring that the S.E.C. had approved an E.T.F. tied to the cryptocurrency caused prices to whipsaw. A real decision could come as soon as Wednesday.,https://www.nytimes.com/2024/01/10/business/dealbook/etf-bitcoin-sec-hack.html,The New York Times,https://static01.nyt.com/images/2024/01/10/multimedia/10db-gensler-kzpg/10db-gensler-kzpg-mediumSquareAt3X.jpg,business,en,us,2024-01-10T13:07:30+00:00
U.Today,Bitcoin (BTC) 30% Pump Will Break All-Time High: Here's Potential Date,Bitcoin (BTC) 30% Pump Will Break All-Time High: Here's Potential Date,https://www.investing.com/news/cryptocurrency-news/bitcoin-btc-30-pump-will-break-alltime-high-heres-potential-date-3271317,Investing.com | Stock Market Quotes &amp; Financial News,https://i-invdn-com.investing.com/news/d7302451e500b3ceb333ee9981186da7_M.jpg,business,en,us,2024-01-10T12:30:40+00:00
,Ault Alliance to begin holding bitcoin on its balance sheet,Ault Alliance to begin holding bitcoin on its balance sheet,https://seekingalpha.com/news/4053729-ault-alliance-to-begin-holding-bitcoin-on-its-balance-sheet?utm_source=feed_news_all&utm_medium=referral&feed_item_type=news,Seeking Alpha,,business,en,us,2024-01-10T11:42:09+00:00
,Hysteria over a spot Bitcoin ETF reaches fever pitch: Why is it such a big deal?,Hysteria over a spot Bitcoin ETF reaches fever pitch: Why is it such a big deal?,https://seekingalpha.com/news/4053720-hysteria-over-a-spot-bitcoin-etf-reaches-fever-pitch-why-is-it-such-a-big-deal?utm_source=feed_news_all&utm_medium=referral&feed_item_type=news,Seeking Alpha,,business,en,us,2024-01-10T10:30:13+00:00
U.Today,'Rich Dad Poor Dad' Author Kiyosaki Gives Epic Bitcoin Price Prediction,'Rich Dad Poor Dad' Author Kiyosaki Gives Epic Bitcoin Price Prediction,https://www.investing.com/news/cryptocurrency-news/rich-dad-poor-dad-author-kiyosaki-gives-epic-bitcoin-price-prediction-3270950,Investing.com | Stock Market Quotes &amp; Financial News,https://i-invdn-com.investing.com/news/LYNXMPEE0H04E_M.jpg,business,en,us,2024-01-10T08:30:28+00:00
U.Today,Ethereum (ETH) Loses Fight Against Bitcoin (BTC): No Alt Season?,Ethereum (ETH) Loses Fight Against Bitcoin (BTC): No Alt Season?,https://www.investing.com/news/cryptocurrency-news/ethereum-eth-loses-fight-against-bitcoin-btc-no-alt-season-3270812,Investing.com | Stock Market Quotes &amp; Financial News,,business,en,us,2024-01-10T01:30:28+00:00
Yueqi Yang,Bitcoin Fluctuates After Debunked Post Claimed ETFs Won Approval,Bitcoin Fluctuates After Debunked Post Claimed ETFs Won Approval,https://www.ndtvprofit.com/crypto/bitcoin-fluctuates-after-debunked-post-claimed-etfs-won-approval,Bloomberg | Latest And Live Business,,business,en,us,2024-01-10T01:26:12+00:00
Allyson Versprille,SEC X Account Compromised To Falsely Say Bitcoin ETFs Approved,SEC X Account Compromised To Falsely Say Bitcoin ETFs Approved,https://www.ndtvprofit.com/crypto/sec-says-has-not-yet-granted-approval-of-spot-bitcoin-etfs,Bloomberg | Latest And Live Business,,business,en,us,2024-01-10T01:19:33+00:00
David Pan,Bitcoin Hedging Ramps Up As SEC’s ETF Approval Deadline Nears,Bitcoin Hedging Ramps Up As SEC’s ETF Approval Deadline Nears,https://www.ndtvprofit.com/crypto/bitcoin-btc-hedging-ramps-up-as-sec-s-etf-approval-deadline-nears,Bloomberg | Latest And Live Business,,business,en,us,2024-01-10T01:07:43+00:00
Rob Verdonck,Asia Stocks Open Mixed; Bitcoin Swings On X Posts: Markets Wrap,Asia Stocks Open Mixed; Bitcoin Swings On X Posts: Markets Wrap,https://www.ndtvprofit.com/markets/stock-market-today-dow-s-p-live-updates-142,Bloomberg | Latest And Live Business,,business,en,us,2024-01-10T01:00:38+00:00
,Bitcoin swings sharply after false claim that SEC approved ETFs,Chair Gary Gensler says commission’s account on X was ‘compromised’,https://www.ft.com/content/60efd3f4-62c9-42e5-8b32-4761eaa19b5a,Financial Times,https://www.ft.com/__origami/service/image/v2/images/raw/https%3A%2F%2Fd1e00ek4ebabms.cloudfront.net%2Fproduction%2F7f701125-70fa-4bb3-87bb-45423d7a7e20.jpg?source=next-home-page&dpr=2&width=580&fit=scale-down,business,en,us,2024-01-10T00:00:09+00:00
Investing.com,SEC Says Bitcoin Etfs Have Not Received Approval On Tuesday - Bloomberg,SEC Says Bitcoin Etfs Have Not Received Approval On Tuesday - Bloomberg,https://www.investing.com/news/cryptocurrency-news/sec-says-bitcoin-etfs-have-not-received-approval-on-tuesday--bloomberg-432SI-3270719,Investing.com | Stock Market Quotes &amp; Financial News,https://i-invdn-com.investing.com/news/LYNXMPEE0502N_M.jpg,business,en,us,2024-01-09T21:26:13+00:00
,SEC approves bitcoin ETFs in long-awaited decision; BTC fluctuates,SEC approves bitcoin ETFs in long-awaited decision; BTC fluctuates,https://seekingalpha.com/news/4053640-sec-approves-bitcoin-etfs-in-long-awaited-decision?utm_source=feed_news_all&utm_medium=referral&feed_item_type=news,Seeking Alpha,,business,en,us,2024-01-09T21:22:25+00:00
Reuters,Cryptoverse: Bitcoin derivatives traders bet billions on ETF future,Cryptoverse: Bitcoin derivatives traders bet billions on ETF future,https://www.investing.com/news/stock-market-news/cryptoverse-bitcoin-derivatives-traders-bet-billions-on-etf-future-3269951,Investing.com | Stock Market Quotes &amp; Financial News,https://i-invdn-com.investing.com/trkd-images/LYNXMPEK0806I_L.jpg,business,en,us,2024-01-09T15:51:18+00:00
Investing.com,"Valkyrie expects SEC nod for Bitcoin ETF, trading could start Thursday","Valkyrie expects SEC nod for Bitcoin ETF, trading could start Thursday",https://www.investing.com/news/cryptocurrency-news/valkyrie-expects-sec-nod-for-bitcoin-etf-trading-could-start-thursday-93CH-3270405,Investing.com | Stock Market Quotes &amp; Financial News,,business,en,us,2024-01-09T14:55:59+00:00
,Bitcoin consolidates under $47K as ETF excitement builds,Bitcoin consolidates under $47K as ETF excitement builds,https://seekingalpha.com/news/4053501-bitcoin-consolidates-under-47k-as-etf-excitement-builds?utm_source=feed_news_all&utm_medium=referral&feed_item_type=news,Seeking Alpha,,business,en,us,2024-01-09T14:36:04+00:00
U.Today,Bitcoin (BTC) 30% Pump Will Break All-Time High: Here's Potential Date,Bitcoin (BTC) 30% Pump Will Break All-Time High: Here's Potential Date,https://www.investing.com/news/cryptocurrency-news/bitcoin-btc-30-pump-will-break-alltime-high-heres-potential-date-3270080,Investing.com | Stock Market Quotes &amp; Financial News,,business,en,us,2024-01-09T12:30:27+00:00
Investing.com,Analysts who predicted Bitcoin's 2023 rally are out with their forecast for 2024 and 2025,Analysts who predicted Bitcoin's 2023 rally are out with their forecast for 2024 and 2025,https://www.investing.com/news/cryptocurrency-news/analysts-who-predicted-bitcoins-2023-rally-are-out-with-their-forecast-for-2024-and-2025-432SI-3270063,Investing.com | Stock Market Quotes &amp; Financial News,,business,en,us,2024-01-09T11:53:02+00:00
U.Today,Dogecoin and Bitcoin Head to Moon With Epic Rocket Launch Today,Dogecoin and Bitcoin Head to Moon With Epic Rocket Launch Today,https://www.investing.com/news/cryptocurrency-news/dogecoin-and-bitcoin-head-to-moon-with-epic-rocket-launch-today-3269979,Investing.com | Stock Market Quotes &amp; Financial News,https://i-invdn-com.investing.com/news/LYNXMPEA74100_M.jpg,business,en,us,2024-01-09T08:30:28+00:00
Reuters,"Dollar retreats, bitcoin jumps ahead of ETF approval deadline","Dollar retreats, bitcoin jumps ahead of ETF approval deadline",https://www.investing.com/news/economy/dollar-pulls-back-bitcoin-jumps-ahead-of-etf-approval-deadline-3269904,Investing.com | Stock Market Quotes &amp; Financial News,https://i-invdn-com.investing.com/trkd-images/LYNXMPEK0800S_L.jpg,business,en,us,2024-01-09T06:21:15+00:00
GlobeNewswire,DMG Blockchain Solutions Announces December Mining Results,"VANCOUVER, British Columbia, Jan. 08, 2024 (GLOBE NEWSWIRE) &#8212; DMG Blockchain Solutions Inc. (TSX-V: DMGI) (OTCQB US: DMGGF) (FRANKFURT: 6AX) (“DMG” or the “Company”), a vertically integrated blockchain and cryptocurrency technology company, announces December 2023 preliminary mining results: DMG mined 72.1 bitcoin with 1.0 EH/s realized hashrate. DMG’s bitcoin balance as of December 31, 2023 [&#8230;]",https://financialpost.com/globe-newswire/dmg-blockchain-solutions-announces-december-mining-results,Financial Post | Canada Business News,,business,en,us,2024-01-09T05:50:32+00:00
Olga Kharif,Bitcoin Rally Cools In Countdown To U.S. Spot ETF Decision By SEC,Bitcoin Rally Cools In Countdown To U.S. Spot ETF Decision By SEC,https://www.ndtvprofit.com/crypto/bitcoin-btc-rally-cools-near-47-000-in-countdown-to-sec-etf-decision,Bloomberg | Latest And Live Business,,business,en,us,2024-01-09T03:33:43+00:00
zee business,"Dollar pulls back, bitcoin jumps ahead of ETF approval deadline","Brent crude oil price news: The dollar paused its rally on Tuesday, as traders reaffirmed their bets for a slew of Federal Reserve rate cuts this year on the belief that inflation in the US is slowing sufficiently.",https://www.zeebiz.com/markets/currency/news-dollar-pulls-back-bitcoin-jumps-ahead-of-etf-approval-deadline-271350,Zee Business,,business,en,us,2024-01-09T02:23:44+00:00
Reuters,Factbox-Companies disclose expected fees for spot bitcoin ETFs ahead of SEC decision,Factbox-Companies disclose expected fees for spot bitcoin ETFs ahead of SEC decision,https://www.investing.com/news/stock-market-news/factboxcompanies-disclose-expected-fees-for-spot-bitcoin-etfs-ahead-of-sec-decision-3269751,Investing.com | Stock Market Quotes &amp; Financial News,https://i-invdn-com.investing.com/trkd-images/LYNXMPEK070OZ_L.jpg,business,en,us,2024-01-08T19:37:00+00:00
,Cathie Wood: Probability is very high that a Spot Bitcoin ETF will be approved this week,Cathie Wood: Probability is very high that a Spot Bitcoin ETF will be approved this week,https://seekingalpha.com/news/4053168-cathie-wood-probability-is-very-high-that-a-spot-bitcoin-etf-will-be-approved-this-week?utm_source=feed_news_all&utm_medium=referral&feed_item_type=news,Seeking Alpha,,business,en,us,2024-01-08T19:12:50+00:00
,Bitcoin tops $45K as potential ETF sign-off nears,Bitcoin tops $45K as potential ETF sign-off nears,https://seekingalpha.com/news/4053147-bitcoin-tops-45k-as-potential-etf-sign-off-nears?utm_source=feed_news_all&utm_medium=referral&feed_item_type=news,Seeking Alpha,,business,en,us,2024-01-08T17:32:40+00:00
Investing.com,"BlackRock, Fidelity update filings ahead of SEC Bitcoin ETF decision","BlackRock, Fidelity update filings ahead of SEC Bitcoin ETF decision",https://www.investing.com/news/cryptocurrency-news/blackrock-fidelity-update-filings-ahead-of-sec-bitcoin-etf-decision-93CH-3269634,Investing.com | Stock Market Quotes &amp; Financial News,https://i-invdn-com.investing.com/news/LYNXNPEE1P15Z_M.jpg,business,en,us,2024-01-08T14:35:12+00:00
,CleanSpark buys 60K Bitmain S21 bitcoin miners for $193.2M,CleanSpark buys 60K Bitmain S21 bitcoin miners for $193.2M,https://seekingalpha.com/news/4053009-cleanspark-buys-60k-bitmain-s21-bitcoin-miners-for-1932m?utm_source=feed_news_all&utm_medium=referral&feed_item_type=news,Seeking Alpha,,business,en,us,2024-01-08T14:27:02+00:00
Dave Liedtka,"Bitcoin Retakes $45,000 With ETF Applicants Making Final Push","Bitcoin Retakes $45,000 With ETF Applicants Making Final Push",https://www.ndtvprofit.com/crypto/bitcoin-retakes-45-000-with-etf-applicants-making-final-push,Bloomberg | Latest And Live Business,,business,en,us,2024-01-08T13:54:56+00:00
GlobeNewswire,"Bitfarms Appoints Tracy Krumme as Senior Vice President, Head of Investor Relations","TORONTO, Ontario and BROSSARD, Québec, Jan. 08, 2024 (GLOBE NEWSWIRE) &#8212; Bitfarms Ltd. (NASDAQ: BITF//TSX: BITF), a global vertically integrated Bitcoin mining company, today announced that it has appointed Tracy Krumme as Senior Vice President, Head of Investor Relations. Ms. Krumme has more than 30 years of leadership experience in investor relations, financial communications, investment banking, [&#8230;]",https://financialpost.com/globe-newswire/bitfarms-appoints-tracy-krumme-as-senior-vice-president-head-of-investor-relations,Financial Post | Canada Business News,,business,en,us,2024-01-08T12:05:24+00:00
U.Today,Dogecoin and Bitcoin Head to Moon With Epic Rocket Launch Today,Dogecoin and Bitcoin Head to Moon With Epic Rocket Launch Today,https://www.investing.com/news/cryptocurrency-news/dogecoin-and-bitcoin-head-to-moon-with-epic-rocket-launch-today-3268848,Investing.com | Stock Market Quotes &amp; Financial News,,business,en,us,2024-01-08T08:00:25+00:00
Katie Greifeld,Bitcoin ETF Hopefuls Eye This Week For Long-Awaited SEC Greenlight,Bitcoin ETF Hopefuls Eye This Week For Long-Awaited SEC Greenlight,https://www.ndtvprofit.com/crypto/crypto-s-bitcoin-etf-hopefuls-wait-for-us-sec-approval-by-january-10-deadline,Bloomberg | Latest And Live Business,,business,en,us,2024-01-08T02:17:40+00:00
Investing.com,Bitcoin sees fresh activity as Satoshi Nakamoto's wallet receives 27 BTC,Bitcoin sees fresh activity as Satoshi Nakamoto's wallet receives 27 BTC,https://www.investing.com/news/cryptocurrency-news/bitcoin-sees-fresh-activity-as-satoshi-nakamotos-wallet-receives-27-btc-93CH-3268583,Investing.com | Stock Market Quotes &amp; Financial News,,business,en,us,2024-01-06T21:40:31+00:00
Investing.com,BlackRock to cut 3% of its workforce as it awaits SEC decision on Bitcoin ETF,BlackRock to cut 3% of its workforce as it awaits SEC decision on Bitcoin ETF,https://www.investing.com/news/cryptocurrency-news/blackrock-to-cut-3-of-its-workforce-as-it-awaits-sec-decision-on-bitcoin-etf-93CH-3268580,Investing.com | Stock Market Quotes &amp; Financial News,https://i-invdn-com.investing.com/news/LYNXMPEDB60BK_M.jpg,business,en,us,2024-01-06T20:52:28+00:00
Olga Kharif,Crypto Job Postings Drop Nearly 60% in December Despite Recent Bitcoin Rally,Crypto Job Postings Drop Nearly 60% in December Despite Recent Bitcoin Rally,https://www.ndtvprofit.com/crypto/crypto-jobs-postings-drop-nearly-60-in-december-per-linkedin,Bloomberg | Latest And Live Business,,business,en,us,2024-01-06T10:15:17+00:00
